News,URL,News Posted By,News Posted On
WhatsApp may soon let you hide your online status,./articles/CAIiEM8Z2Pht5rOtDGykAqQYPZ8qGAgEKg8IACoHCAowwOjjAjDp3xsw_oySBw?uo=CAUiRmh0dHBzOi8vd3d3LmVuZ2FkZ2V0LmNvbS93aGF0c2FwcC1vbmxpbmUtc3RhdHVzLWZlYXR1cmUtMjIyNzUwMTA0Lmh0bWzSAQA&hl=en-US&gl=US&ceid=US%3Aen,Engadget,13 hours ago
iOS 16 Focus Guide: What's New With Apple's Focus Mode,./articles/CAIiEODdmv3uEo99MMQdXyqNt-YqFwgEKg8IACoHCAowyIXgAjCQuhsw0fkk?uo=CAUiLWh0dHBzOi8vd3d3Lm1hY3J1bW9ycy5jb20vZ3VpZGUvaW9zLTE2LWZvY3VzL9IBAA&hl=en-US&gl=US&ceid=US%3Aen,MacRumors,Yesterday
The iPhone's Next Breakthrough Features May Depend on These Technologies,./articles/CAIiELta_G4fU_A7XKjygeByaloqEwgEKgwIACoFCAow4GowoAgwkRo?uo=CAUia2h0dHBzOi8vd3d3LmNuZXQuY29tL3RlY2gvbW9iaWxlL2ZlYXR1cmVzL2lwaG9uZXMtbmV4dC1icmVha3Rocm91Z2gtZmVhdHVyZXMtbWF5LWRlcGVuZC10aGVzZS10ZWNobm9sb2dpZXMv0gEA&hl=en-US&gl=US&ceid=US%3Aen,CNET,12 hours ago
New Apple Leak Reveals iPhone 14 Release Surprise,./articles/CAIiENgmzk9swWmUapAhxrJ8wqYqFQgEKg0IACoGCAowrqkBMKBFMMGBAg?uo=CAUiZWh0dHBzOi8vd3d3LmZvcmJlcy5jb20vc2l0ZXMvZ29yZG9ua2VsbHkvMjAyMi8wNy8wMi9hcHBsZS1pcGhvbmUtMTQtbWF4LXByby1tYXgtYnJhbmRpbmctbmFtZS1jaGFuZ2Uv0gEA&hl=en-US&gl=US&ceid=US%3Aen,Forbes,Yesterday
Nothing Phone 1: Will it succeed or fail?,./articles/CCAiC1NpdUxic1VoOWU4mAEB?hl=en-US&gl=US&ceid=US%3Aen,Android Authority,19 hours ago
Genshin Impact version 2.8 update 'Summer Fantasia' launches July 13,./articles/CBMiYmh0dHBzOi8vd3d3LmdlbWF0c3UuY29tLzIwMjIvMDcvZ2Vuc2hpbi1pbXBhY3QtdmVyc2lvbi0yLTgtdXBkYXRlLXN1bW1lci1mYW50YXNpYS1sYXVuY2hlcy1qdWx5LTEz0gEA?hl=en-US&gl=US&ceid=US%3Aen,Gematsu,20 hours ago
Apple's Entry-Level M2 MacBook Pro Turns Into a Celeron Under Heavy Load,./articles/CAIiEFSxLHB3z-1UKfJwZiWvFZ8qGQgEKhAIACoHCAowiuaECzD_5oEDMIfBhAY?uo=CAUicmh0dHBzOi8vd3d3LmV4dHJlbWV0ZWNoLmNvbS9leHRyZW1lLzMzNzY0Ni1hcHBsZXMtZW50cnktbGV2ZWwtbTItbWFjYm9vay1wcm8tdHVybnMtaW50by1hLWNlbGVyb24tdW5kZXItaGVhdnktbG9hZNIBAA&hl=en-US&gl=US&ceid=US%3Aen,ExtremeTech,Yesterday
"Top Stories: M2 MacBook Air Release Date, New HomePod Rumor, and More",./articles/CAIiEHuE7elqZIUlZ0T49pbKJ-cqFwgEKg8IACoHCAowyIXgAjCQuhsw0fkk?uo=CAUiTWh0dHBzOi8vd3d3Lm1hY3J1bW9ycy5jb20vMjAyMi8wNy8wMi90b3Atc3Rvcmllcy1tMi1tYWNib29rLWFpci1yZWxlYXNlLWRhdGUv0gEA&hl=en-US&gl=US&ceid=US%3Aen,MacRumors,22 hours ago
How to get all achievements and trophies in Cuphead The Delicious Last Course DLC,./articles/CBMidWh0dHBzOi8vZG90ZXNwb3J0cy5jb20vZ2VuZXJhbC9uZXdzL2hvdy10by1nZXQtYWxsLWFjaGlldmVtZW50cy1hbmQtdHJvcGhpZXMtaW4tY3VwaGVhZC10aGUtZGVsaWNpb3VzLWxhc3QtY291cnNlLWRsY9IBAA?hl=en-US&gl=US&ceid=US%3Aen,Dot Esports,Yesterday
"At $79, this Lenovo Chromebook is a back-to-school steal of a deal",./articles/CAIiEBwtrNUQR84eDvPcFnjENaUqFwgEKg4IACoGCAowu5gUMNLMAjCg7LUG?uo=CAUiRGh0dHBzOi8vd3d3LmFuZHJvaWRwb2xpY2UuY29tL2JhY2stdG8tc2Nob29sLWxlbm92by1jaHJvbWVib29rLWRlYWwv0gEA&hl=en-US&gl=US&ceid=US%3Aen,Android Police,16 hours ago
iPhone 14 vs iPhone 11: Biggest upgrades to expect,./articles/CAIiEIkCaEf9NKytrKrT6_erfe8qMwgEKioIACIQ7SNyo2_kBOaP4H9koW3jwSoUCAoiEO0jcqNv5ATmj-B_ZKFt48EwqtfLBg?uo=CAUiUGh0dHBzOi8vd3d3LnRvbXNndWlkZS5jb20vbmV3cy9pcGhvbmUtMTQtdnMtaXBob25lLTExLWJpZ2dlc3QtdXBncmFkZXMtdG8tZXhwZWN00gEA&hl=en-US&gl=US&ceid=US%3Aen,Tom's Guide,7 hours ago
Monthly News from Susan Miller — July 2022 - Susan Miller Astrology Zone,./articles/CBMiR2h0dHBzOi8vd3d3LmFzdHJvbG9neXpvbmUuY29tL21vbnRobHktbmV3cy1mcm9tLXN1c2FuLW1pbGxlci1qdWx5LTIwMjIv0gEA?hl=en-US&gl=US&ceid=US%3Aen,Astrology Zone,16 minutes ago
"Shinigami: Shibito Magire coming west as Spirit Hunter: Death Mark II in 2023 for PS4, Switch, and PC",./articles/CBMigQFodHRwczovL3d3dy5nZW1hdHN1LmNvbS8yMDIyLzA3L3NoaW5pZ2FtaS1zaGliaXRvLW1hZ2lyZS1jb21pbmctd2VzdC1hcy1zcGlyaXQtaHVudGVyLWRlYXRoLW1hcmstaWktaW4tMjAyMy1mb3ItcHM0LXN3aXRjaC1hbmQtcGPSAQA?hl=en-US&gl=US&ceid=US%3Aen,Gematsu,9 hours ago
Getting started in Monster Hunter Rise: Sunbreak,./articles/CCAiC1NMTHE4TVpDS1V3mAEB?hl=en-US&gl=US&ceid=US%3Aen,Polygon,Yesterday
EA Roasted Over Single Player Tweet,./articles/CBMiQWh0dHBzOi8vd3d3LmRhcmtob3Jpem9ucy5jb20vZWEtcm9hc3RlZC1vdmVyLXNpbmdsZS1wbGF5ZXItdHdlZXQv0gEA?hl=en-US&gl=US&ceid=US%3Aen,Dark Horizons,14 hours ago
The one problem with mesh routers — read this before you buy,./articles/CAIiEO19Abko7crkJ3KEBc1VLmgqMwgEKioIACIQ7SNyo2_kBOaP4H9koW3jwSoUCAoiEO0jcqNv5ATmj-B_ZKFt48EwqtfLBg?uo=CAUiWWh0dHBzOi8vd3d3LnRvbXNndWlkZS5jb20vbmV3cy90aGUtb25lLXByb2JsZW0td2l0aC1tZXNoLXJvdXRlcnMtcmVhZC10aGlzLWJlZm9yZS15b3UtYnV50gEA&hl=en-US&gl=US&ceid=US%3Aen,Tom's Guide,Yesterday
"ASUS ROG Phone 6 Image Gallery Shows Flagship From All Sides, Revealing LED Matrix Display at the Back, Thick Chassis, More",./articles/CAIiEKh-oQtvQOcK-G1CkqPrN_kqGQgEKhAIACoHCAowp-aeCzDD8LYDMN-C7QY?uo=CAUiNGh0dHBzOi8vd2NjZnRlY2guY29tL2FzdXMtcm9nLXBob25lLTYtaW1hZ2UtZ2FsbGVyeS_SAQA&hl=en-US&gl=US&ceid=US%3Aen,Wccftech,21 hours ago
"The Legend of Heroes: Kuro no Kiseki II -CRIMSON SiN- gameplay - Renne combat, Marchen Garten, hacking, and fishing",./articles/CBMiiwFodHRwczovL3d3dy5nZW1hdHN1LmNvbS8yMDIyLzA3L3RoZS1sZWdlbmQtb2YtaGVyb2VzLWt1cm8tbm8ta2lzZWtpLWlpLWNyaW1zb24tc2luLWdhbWVwbGF5LXJlbm5lLWNvbWJhdC1tYXJjaGVuLWdhcnRlbi1oYWNraW5nLWFuZC1maXNoaW5n0gEA?hl=en-US&gl=US&ceid=US%3Aen,Gematsu,19 hours ago
"You can now play the ""all your base are belong to us"" game on your Switch",./articles/CAIiEJMl657jhIuG5v9DuZS_K1IqFwgEKg4IACoGCAow3O8nMMqOBjCkztQD?uo=CAUicGh0dHBzOi8vd3d3LnRoZXZlcmdlLmNvbS8yMDIyLzcvMS8yMzE5MTgzMC9hbGwteW91ci1iYXNlLWFyZS1iZWxvbmctdG8tdXMtemVyby13aW5nLW5pbnRlbmRvLXN3aXRjaC1zZWdhLWdlbmVzaXPSAQA&hl=en-US&gl=US&ceid=US%3Aen,The Verge,Yesterday
Microsoft finds Raspberry Robin worm in hundreds of Windows networks,./articles/CBMidGh0dHBzOi8vd3d3LmJsZWVwaW5nY29tcHV0ZXIuY29tL25ld3Mvc2VjdXJpdHkvbWljcm9zb2Z0LWZpbmRzLXJhc3BiZXJyeS1yb2Jpbi13b3JtLWluLWh1bmRyZWRzLW9mLXdpbmRvd3MtbmV0d29ya3Mv0gF4aHR0cHM6Ly93d3cuYmxlZXBpbmdjb21wdXRlci5jb20vbmV3cy9zZWN1cml0eS9taWNyb3NvZnQtZmluZHMtcmFzcGJlcnJ5LXJvYmluLXdvcm0taW4taHVuZHJlZHMtb2Ytd2luZG93cy1uZXR3b3Jrcy9hbXAv?hl=en-US&gl=US&ceid=US%3Aen,BleepingComputer,21 hours ago
New Silent Hill Game Teaser Trailer Potentially Leaked,./articles/CAIiEMk4AR7JlUILNCcZQMO9bgAqMwgEKioIACIQXquX76mosOWLp5uvC3kELCoUCAoiEF6rl--pqLDli6ebrwt5BCww8_vIBg?uo=CAUiTWh0dHBzOi8vY29taWNib29rLmNvbS9nYW1pbmcvbmV3cy9zaWxlbnQtaGlsbC1rb25hbWktbmV3LWdhbWUtdGVhc2VyLXRyYWlsZXIv0gEA&hl=en-US&gl=US&ceid=US%3Aen,ComicBook.com,19 hours ago
CHAOS;HEAD NOAH coming to PC on October 7,./articles/CBMiSGh0dHBzOi8vd3d3LmdlbWF0c3UuY29tLzIwMjIvMDcvY2hhb3NoZWFkLW5vYWgtY29taW5nLXRvLXBjLW9uLW9jdG9iZXItN9IBAA?hl=en-US&gl=US&ceid=US%3Aen,Gematsu,9 hours ago
God of War Ragnarok Dev Sony Santa Monica Demands Respect After Unsavoury Week,./articles/CBMidmh0dHBzOi8vd3d3LnB1c2hzcXVhcmUuY29tL25ld3MvMjAyMi8wNy9nb2Qtb2Ytd2FyLXJhZ25hcm9rLWRldi1zb255LXNhbnRhLW1vbmljYS1kZW1hbmRzLXJlc3BlY3QtYWZ0ZXItdW5zYXZvdXJ5LXdlZWvSAQA?hl=en-US&gl=US&ceid=US%3Aen,Push Square,12 hours ago
Chrome just got a big upgrade to make your life easier,./articles/CAIiEKsGeYrRgBOil5YxpllRDgMqMwgEKioIACIQ7SNyo2_kBOaP4H9koW3jwSoUCAoiEO0jcqNv5ATmj-B_ZKFt48Ew_JzLBg?uo=CAUiX2h0dHBzOi8vd3d3LnRvbXNndWlkZS5jb20vbmV3cy9jaHJvbWUtanVzdC1nb3QtYS1odWdlLXBhc3N3b3JkLXVwZ3JhZGUtdG8tbWFrZS15b3VyLWxpZmUtZWFzaWVy0gEA&hl=en-US&gl=US&ceid=US%3Aen,Tom's Guide,Yesterday
First images of Treyarch’s Call of Duty 2024 leak in Warzone Mobile files,./articles/CBMiaWh0dHBzOi8vY2hhcmxpZWludGVsLmNvbS9maXJzdC1pbWFnZXMtb2YtdHJleWFyY2hzLWNhbGwtb2YtZHV0eS0yMDI0LWxlYWstaW4td2Fyem9uZS1tb2JpbGUtZmlsZXMvMTg0OTMyL9IBbWh0dHBzOi8vY2hhcmxpZWludGVsLmNvbS9maXJzdC1pbWFnZXMtb2YtdHJleWFyY2hzLWNhbGwtb2YtZHV0eS0yMDI0LWxlYWstaW4td2Fyem9uZS1tb2JpbGUtZmlsZXMvMTg0OTMyLz9hbXA?hl=en-US&gl=US&ceid=US%3Aen,CharlieINTEL.com,9 hours ago
Round Up: Spike Chunsoft Reveals More Switch Releases At Anime Expo 2022,./articles/CBMicWh0dHBzOi8vd3d3Lm5pbnRlbmRvbGlmZS5jb20vbmV3cy8yMDIyLzA3L3JvdW5kLXVwLXNwaWtlLWNodW5zb2Z0LXJldmVhbHMtbW9yZS1zd2l0Y2gtcmVsZWFzZXMtYXQtYW5pbWUtZXhwby0yMDIy0gEA?hl=en-US&gl=US&ceid=US%3Aen,Nintendo Life,8 hours ago
"The weekend’s best deals: Apple TV 4K, OLED TVs, MacBook Pros, and more",./articles/CBMiaWh0dHBzOi8vYXJzdGVjaG5pY2EuY29tL3N0YWZmLzIwMjIvMDcvdGhlLXdlZWtlbmRzLWJlc3QtZGVhbHMtYXBwbGUtdHYtNGstb2xlZC10dnMtbWFjYm9vay1wcm9zLWFuZC1tb3JlL9IBb2h0dHBzOi8vYXJzdGVjaG5pY2EuY29tL3N0YWZmLzIwMjIvMDcvdGhlLXdlZWtlbmRzLWJlc3QtZGVhbHMtYXBwbGUtdHYtNGstb2xlZC10dnMtbWFjYm9vay1wcm9zLWFuZC1tb3JlLz9hbXA9MQ?hl=en-US&gl=US&ceid=US%3Aen,Ars Technica,20 hours ago
Gboard's split keyboard beta makes it easier to type on foldable phones,./articles/CAIiEC4SftX0NzvrepFAiZnO8VIqFwgEKg4IACoGCAow3O8nMMqOBjCd2ugF?uo=CAUiWWh0dHBzOi8vd3d3LnRoZXZlcmdlLmNvbS8yMDIyLzcvMS8yMzE5MTEyOC9nYm9hcmQtc3BsaXQta2V5Ym9hcmQtYmV0YS1hcHAtZm9sZGFibGUtcGhvbmVz0gEA&hl=en-US&gl=US&ceid=US%3Aen,The Verge,2 days ago
Milviz Gives a Brief Update on 737-200 for MSFS Development,./articles/CBMiWGh0dHBzOi8vZnNlbGl0ZS5uZXQvY29udGVudC9taWx2aXotZ2l2ZXMtYS1icmllZi11cGRhdGUtb24tNzM3LTIwMC1mb3ItbXNmcy1kZXZlbG9wbWVudC_SAQA?hl=en-US&gl=US&ceid=US%3Aen,FSElite,16 hours ago
Tensions Rise At Bethesda As Employees Pressure Company On Abortion Measures,./articles/CAIiEIciSNAd91eMd5nPFJHYetkqFQgEKg0IACoGCAow9YACMKFMMLOpHg?uo=CAUiVWh0dHBzOi8va290YWt1LmNvbS9iZXRoZXNkYS16ZW5pbWF4LXJvZS12LXdhZGUtYWJvcnRpb24tcG9saXRpY3MtbWljcm9zb2Z0LTE4NDkxMzQ3MjfSAQA&hl=en-US&gl=US&ceid=US%3Aen,Kotaku,2 days ago
The Biggest Game Releases of July 2022,./articles/CBMiQWh0dHBzOi8vd3d3Lmlnbi5jb20vdmlkZW9zL3RoZS1iaWdnZXN0LWdhbWUtcmVsZWFzZXMtb2YtanVseS0yMDIy0gEA?hl=en-US&gl=US&ceid=US%3Aen,IGN,2 days ago
"AirPods 4, AirPods Pro 2, and AirPods Max 2: Here are the latest rumors on when to expect them",./articles/CAIiEFokPN6aa_Vx_7kgZjfCToQqFggEKg0IACoGCAows4UBMMAaMNPRtQY?uo=CAUiSWh0dHBzOi8vOXRvNW1hYy5jb20vMjAyMi8wNy8wMi9yb3VuZHVwLWxhdGVzdC1ydW1vcnMtYWlycG9kcy00LXByby1tYXgtMi_SAQA&hl=en-US&gl=US&ceid=US%3Aen,9to5Mac,20 hours ago
AMD Rumored To Expand AM4 Ryzen CPU Lineup With New 3D V-Cache & Low-End Chips,./articles/CAIiEMdrYBKw_XSBj8H9el7QPwkqGQgEKhAIACoHCAowp-aeCzDD8LYDMN2C7QY?uo=CAUiYmh0dHBzOi8vd2NjZnRlY2guY29tL2FtZC1ydW1vcmVkLXRvLWV4cGFuZC1hbTQtcnl6ZW4tY3B1LWxpbmV1cC13aXRoLW5ldy0zZC12LWNhY2hlLWxvdy1lbmQtY2hpcHMv0gEA&hl=en-US&gl=US&ceid=US%3Aen,Wccftech,18 hours ago
Angry Gamers Go Too Far With Toxic Comments to Developers,./articles/CAIiELFHmxJ6CSGCWeLXm_r95pwqGQgEKhAIACoHCAow4uzwCjCF3bsCMIrOrwM?uo=CAUieGh0dHBzOi8vd3d3LmJsb29tYmVyZy5jb20vbmV3cy9uZXdzbGV0dGVycy8yMDIyLTA3LTAxL2FuZ3J5LXZpZGVvLWdhbWUtZmFucy1nby10b28tZmFyLXdpdGgtdG94aWMtY29tbWVudHMtdG8tZGV2ZWxvcGVyc9IBAA&hl=en-US&gl=US&ceid=US%3Aen,Bloomberg,Yesterday
TCL 30 XE 5G review: not bad for $200,./articles/CAIiEE400GUEYP2hkiRtoPkq7TgqFwgEKg4IACoGCAow3O8nMMqOBjCd2ugF?uo=CAUiV2h0dHBzOi8vd3d3LnRoZXZlcmdlLmNvbS8yMzE5MTkxOC90Y2wtMzAteGUtNWctcmV2aWV3LXByaWNlLXNjcmVlbi1iYXR0ZXJ5LWNhbWVyYS1zcGVjc9IBAA&hl=en-US&gl=US&ceid=US%3Aen,The Verge,22 hours ago
Insta360 understood the assignment,./articles/CCAiC21zOUctRFgxSk44mAEB?hl=en-US&gl=US&ceid=US%3Aen,The Verge,2 days ago
"Man Spends $40,000 To Ask Nintendo One Question",./articles/CAIiEIu-G59G4ZS91jqPAg6e0gcqFggEKg0IACoGCAowxYgCMIBNMK2GuAM?uo=CAUiWmh0dHBzOi8vd3d3Lmh1ZmZwb3N0LmNvbS9lbnRyeS9uaW50ZW5kby1tYW4tYnV5cy1zdG9jay1xdWVzdGlvbl9uXzYyYmZiMmM3ZTRiMDY1YjEwYWQ0YWU5MNIBAA&hl=en-US&gl=US&ceid=US%3Aen,HuffPost,Yesterday
Refurbished Sonos speakers are discounted for the Fourth of July,./articles/CAIiEDOjVwqKg1-ObmWuZqPa6tEqFwgEKg4IACoGCAow3O8nMMqOBjCkztQD?uo=CAUigQFodHRwczovL3d3dy50aGV2ZXJnZS5jb20vZ29vZC1kZWFscy8yMDIyLzcvMi8yMzE5MTY3Ni9yZWZ1cmJpc2hlZC1zb25vcy1zcGVha2Vycy1iZWFtLXJvYW0tbnZpZGlhLXJ0eC0zMDcwLWdwdS1pbi1zdG9jay1kZWFsLXNhbGXSAQA&hl=en-US&gl=US&ceid=US%3Aen,The Verge,22 hours ago
"KOTOR 2 On Switch Is Officially Fixed For Real Now, Kinda Sorta",./articles/CAIiEMfgh8CP53-ab29OxLyM760qFggEKg0IACoGCAow9YACMKFMMNPAjwc?uo=CAUiSmh0dHBzOi8va290YWt1LmNvbS9rb3Rvci0yLWdhbWVicmVha2luZy1idWctYXNweXItY3Jhc2gtb25kZXJvbi0xODQ5MTM2MTg50gEA&hl=en-US&gl=US&ceid=US%3Aen,Kotaku,Yesterday
How to do a Feeds Reboot to take back control of your algorithms,./articles/CAIiEOqj0WPMLpc2IRhO0fdd7mMqFwgEKg4IACoGCAow3O8nMMqOBjDe2egF?uo=CAUiT2h0dHBzOi8vd3d3LnRoZXZlcmdlLmNvbS8yMzE5MTI5Mi9jb250cm9sLXNvY2lhbC1hbGdvcml0aG1zLWZlZWRzLXJlYm9vdC1ob3ctdG_SAQA&hl=en-US&gl=US&ceid=US%3Aen,The Verge,21 hours ago
"A Light in the Dark coming to PS4, Switch this fall",./articles/CBMiUmh0dHBzOi8vd3d3LmdlbWF0c3UuY29tLzIwMjIvMDcvYS1saWdodC1pbi10aGUtZGFyay1jb21pbmctdG8tcHM0LXN3aXRjaC10aGlzLWZhbGzSAQA?hl=en-US&gl=US&ceid=US%3Aen,Gematsu,Yesterday
Amazon Prime Gaming gearing up for Prime Day by giving away a ton of free PC games,./articles/CAIiED6N6a3aMMjpvn4WL2b01d4qGAgEKg8IACoHCAowp_LsCTCAxCYw5_WvAQ?uo=CAUiPWh0dHBzOi8vd3d3LnhkYS1kZXZlbG9wZXJzLmNvbS9wcmltZS1kYXktcHJpbWUtZ2FtaW5nLW9mZmVycy_SAQA&hl=en-US&gl=US&ceid=US%3Aen,XDA Developers,Yesterday
"The Sims 4 High School Years expansion adds a Depop-created ""virtual thrift store""",./articles/CAIiEEG4U9Hs6ZJqYlzgCSVZQS4qFwgEKg4IACoGCAow3O8nMMqOBjCzr7gD?uo=CAUiWWh0dHBzOi8vd3d3LnRoZXZlcmdlLmNvbS8yMDIyLzcvMS8yMzE5MDE2My9zaW1zLTQtaGlnaC1zY2hvb2wteWVhcnMtZGVwb3AtdmludGFnZS1mYXNoaW9u0gEA&hl=en-US&gl=US&ceid=US%3Aen,The Verge,2 days ago
Zombie Army 4: the making of an 'impossible' Switch conversion,./articles/CAIiEFsxNU0vNcS96lrX14Ls1qoqFggEKg0IACoGCAow0LECMLBwMPzVggc?uo=CAUiY2h0dHBzOi8vd3d3LmV1cm9nYW1lci5uZXQvZGlnaXRhbGZvdW5kcnktMjAyMi16b21iaWUtYXJteS00LXRoZS1tYWtpbmctb2YtYW4taW5jcmVkaWJsZS1zd2l0Y2gtcG9ydNIBAA&hl=en-US&gl=US&ceid=US%3Aen,Eurogamer.net,21 hours ago
ER Doctor Answers Injury Questions From Twitter | Tech Support | WIRED,./articles/CCAiC1hUUnpxdzVNTlpZmAEB?hl=en-US&gl=US&ceid=US%3Aen,WIRED,2 days ago
"Aksys Games Announces Shuuen no Virche ~ErroЯ:Salvation, Norn9: Var Commons & Last Era, 4 More Games",./articles/CBMimwFodHRwczovL3d3dy5hbmltZW5ld3NuZXR3b3JrLmNvbS9uZXdzLzIwMjItMDctMDIvYWtzeXMtZ2FtZXMtYW5ub3VuY2VzLXNodXVlbi1uby12aXJjaGUtfmVycm8tc2FsdmF0aW9uLW5vcm45LXZhci1jb21tb25zLWFuZC1sYXN0LWVyYS00LW1vcmUtZ2FtZXMvLjE4NzEwMtIBAA?hl=en-US&gl=US&ceid=US%3Aen,Anime News Network,13 hours ago
"PS Plus Essential PS5, PS4 Games for July 2022 Revealed",./articles/CBMiXmh0dHBzOi8vd3d3LnB1c2hzcXVhcmUuY29tL25ld3MvMjAyMi8wNy9wcy1wbHVzLWVzc2VudGlhbC1wczUtcHM0LWdhbWVzLWZvci1qdWx5LTIwMjItcmV2ZWFsZWTSAQA?hl=en-US&gl=US&ceid=US%3Aen,Push Square,Yesterday
Apple Watch 8 vs. Apple Watch 7 — biggest upgrades to expect,./articles/CAIiEGCgL-9mYwarmlSs7XJAM1UqMwgEKioIACIQ7SNyo2_kBOaP4H9koW3jwSoUCAoiEO0jcqNv5ATmj-B_ZKFt48Ew-pzLBg?uo=CAUiXGh0dHBzOi8vd3d3LnRvbXNndWlkZS5jb20vZmFjZS1vZmYvYXBwbGUtd2F0Y2gtOC12cy1hcHBsZS13YXRjaC03LWJpZ2dlc3QtdXBncmFkZXMtdG8tZXhwZWN00gEA&hl=en-US&gl=US&ceid=US%3Aen,Tom's Guide,Yesterday
LIVE: Another YouTuber Sabotaged Us | Micro-ATX Build,./articles/CCAiC0toLVZMWnNyTkVFmAEB?hl=en-US&gl=US&ceid=US%3Aen,Gamers Nexus,Yesterday
"Ubisoft to turn off online features for some old games, meaning players lose access to their DLC",./articles/CAIiEP0I_dDK2-lXp0LNs4ksdZQqGQgEKhAIACoHCAow-I-aCzCimrIDMPfB-wY?uo=CAUiemh0dHBzOi8vd3d3LnJvY2twYXBlcnNob3RndW4uY29tL3ViaXNvZnQtdG8tdHVybi1vZmYtb25saW5lLWZlYXR1cmVzLWZvci1zb21lLW9sZC1nYW1lcy1tZWFuaW5nLXBsYXllcnMtbG9zZS1hY2Nlc3MtdG8tZGxj0gEA&hl=en-US&gl=US&ceid=US%3Aen,Rock Paper Shotgun,12 hours ago
"A look at Gmail’s Material You redesign on the web: Google Sans, themes, and more [Gallery]",./articles/CAIiELkYHPDiFFH7OajdlDL9LCgqGQgEKhAIACoHCAowyoD5CjD5z-ACMM_rvwU?uo=CAUiPmh0dHBzOi8vOXRvNWdvb2dsZS5jb20vMjAyMi8wNy8wMi9nbWFpbC1tYXRlcmlhbC15b3UtaGFuZHMtb24v0gEA&hl=en-US&gl=US&ceid=US%3Aen,9to5Google,19 hours ago
Recommended Reading: Google's biggest hardware flop,./articles/CAIiELjqSc0wBbr7aMjq7iij6eAqGAgEKg8IACoHCAowwOjjAjDp3xsw_oySBw?uo=CAUiT2h0dHBzOi8vd3d3LmVuZ2FkZ2V0LmNvbS9yZWNvbW1lbmRlZC1yZWFkaW5nLWdvb2dsZS1uZXh1cy1xLWZsb3AtMTQwMDQ3MTkyLmh0bWzSAQA&hl=en-US&gl=US&ceid=US%3Aen,Engadget,21 hours ago
F1 22 game tips and tricks,./articles/CAIiEEliOhX2PVLRXIyUj_SxmYcqGQgEKhAIACoHCAow8fmiCzC0hLsDMMvbggc?uo=CAUiLmh0dHBzOi8vdHJheGlvbi5nZy9mMS0yMi1nYW1lLXRpcHMtYW5kLXRyaWNrcy_SAQA&hl=en-US&gl=US&ceid=US%3Aen,Traxion,2 days ago
Smart contact lens prototype puts a Micro LED display on top of the eye,./articles/CBMid2h0dHBzOi8vYXJzdGVjaG5pY2EuY29tL2dhZGdldHMvMjAyMi8wNy9mb3JnZXQtc21hcnQtZ2xhc3Nlcy10aGlzLXNtYXJ0LWNvbnRhY3QtbGVucy1wcm90b3R5cGUtaGFzLWEtbmV3LXZpc2lvbi1mb3ItYXIv0gF9aHR0cHM6Ly9hcnN0ZWNobmljYS5jb20vZ2FkZ2V0cy8yMDIyLzA3L2ZvcmdldC1zbWFydC1nbGFzc2VzLXRoaXMtc21hcnQtY29udGFjdC1sZW5zLXByb3RvdHlwZS1oYXMtYS1uZXctdmlzaW9uLWZvci1hci8_YW1wPTE?hl=en-US&gl=US&ceid=US%3Aen,Ars Technica,2 days ago
Random: Here's A Look At Masahiro Sakurai's Retro Video Game Collection,./articles/CBMibmh0dHBzOi8vd3d3Lm5pbnRlbmRvbGlmZS5jb20vbmV3cy8yMDIyLzA3L3JhbmRvbS1oZXJlcy1hLWxvb2stYXQtbWFzYWhpcm8tc2FrdXJhaXMtcmV0cm8tdmlkZW8tZ2FtZS1jb2xsZWN0aW9u0gEA?hl=en-US&gl=US&ceid=US%3Aen,Nintendo Life,7 hours ago
"Volanta Receives a New Update Focusing on Speed, Imports and More",./articles/CBMiXWh0dHBzOi8vZnNlbGl0ZS5uZXQvY29udGVudC92b2xhbnRhLXJlY2VpdmVzLWEtbmV3LXVwZGF0ZS1mb2N1c2luZy1vbi1zcGVlZC1pbXBvcnRzLWFuZC1tb3JlL9IBAA?hl=en-US&gl=US&ceid=US%3Aen,FSElite,15 hours ago
What’s New in Windows 11’s 22H2 Update: Top 10 New Features,./articles/CAIiEB4s1Q9bvpU78gUkew4dTO8qMwgEKioIACIQzLIB3ayhnA7jk5N6scGyfCoUCAoiEMyyAd2soZwO45OTerHBsnwwvszaBg?uo=CAUiWmh0dHBzOi8vd3d3Lmhvd3RvZ2Vlay5jb20vODEzMzA1L3doYXRzLW5ldy1pbi13aW5kb3dzLTExcy0yMmgyLXVwZGF0ZS10b3AtMTAtbmV3LWZlYXR1cmVzL9IBAA&hl=en-US&gl=US&ceid=US%3Aen,How-To Geek,2 days ago
Castlevania Alucard Nendoroid Announced,./articles/CBMiQ2h0dHBzOi8vd3d3LnNpbGljb25lcmEuY29tL2Nhc3RsZXZhbmlhLWFsdWNhcmQtbmVuZG9yb2lkLWFubm91bmNlZC_SAQA?hl=en-US&gl=US&ceid=US%3Aen,Siliconera,Yesterday
Overwatch 2 beta: Junker Queen has me hanging up my healer hat,./articles/CAIiEN5EXeFCVxuHEQN2bIyXjXgqMwgEKioIACIQlnZHSKjVgU7Y3wyDEdhi2yoUCAoiEJZ2R0io1YFO2N8MgxHYYtsw7I3IBg?uo=CAUiRWh0dHBzOi8vd3d3LmdhbWVzcmFkYXIuY29tL292ZXJ3YXRjaC0yLWJldGEtanVua2VyLXF1ZWVuLWltcHJlc3Npb25zL9IBAA&hl=en-US&gl=US&ceid=US%3Aen,Gamesradar,2 days ago
Nintendo Switch Getting Remake of Cult Classic GameCube Game,./articles/CAIiEBNP8cdoGfViEQXtQmNtzPgqMwgEKioIACIQXquX76mosOWLp5uvC3kELCoUCAoiEF6rl--pqLDli6ebrwt5BCwwmILIBg?uo=CAUiT2h0dHBzOi8vY29taWNib29rLmNvbS9nYW1pbmcvbmV3cy9uaW50ZW5kby1zd2l0Y2gtZ2FtZWNpYmUtZ2FtZS1yZW1ha2UtcmVsZWFzZS_SAQA&hl=en-US&gl=US&ceid=US%3Aen,ComicBook.com,15 hours ago
Artists are helping to make Magic: The Gathering more expressive — and fun,./articles/CAIiEEdMYUQZNkxOONkQtHQUL9IqFwgEKg4IACoGCAow3O8nMMqOBjCkztQD?uo=CAUiYGh0dHBzOi8vd3d3LnRoZXZlcmdlLmNvbS8yMzE5MDMyMi9tYWdpYy10aGUtZ2F0aGVyaW5nLWN1c3RvbS1jb21tYW5kZXItYXJ0LXByb3hpZXMtYWx0ZXItc2xlZXZlc9IBAA&hl=en-US&gl=US&ceid=US%3Aen,The Verge,2 days ago
Destiny 2: Where Is Xur Today? Location and Exotic Items for July 1-5 - IGN,./articles/CAIiEPuzogc7kwNI_dirqMO7DfsqGQgEKhAIACoHCAownsqUCzD9kaoDMIqzvQc?uo=CAUiQWh0dHBzOi8vd3d3Lmlnbi5jb20vYXJ0aWNsZXMvZGVzdGlueS0yLXdoZXJlLWlzLXh1ci1qdWx5LTEtNS0yMDIy0gEA&hl=en-US&gl=US&ceid=US%3Aen,IGN,2 days ago
Bethesda offers jobs to volunteers working on a Fallout mod,./articles/CAIiEDxQY9cLkHMD9KSiaPSBX1wqFggEKg0IACoGCAow0LECMLBwMPzVggc?uo=CAUiVWh0dHBzOi8vd3d3LmV1cm9nYW1lci5uZXQvYmV0aGVzZGEtb2ZmZXJzLWpvYnMtdG8tdm9sdW50ZWVycy13b3JraW5nLW9uLWEtZmFsbG91dC1tb2TSAQA&hl=en-US&gl=US&ceid=US%3Aen,Eurogamer.net,21 hours ago
"One modder is making $20,000 a month with VR versions of Elden Ring and Horizon",./articles/CAIiEFAZN29SVRbQQFKJ61iVH3wqFwgEKg4IACoGCAow3O8nMMqOBjCN2ugF?uo=CAUiWWh0dHBzOi8vd3d3LnRoZXZlcmdlLmNvbS8yMzE5MDIwMS9sdWtlLXJvc3MtdnItcmVhbC1tb2QtZ3RhLXYtZWxkZW4tcmluZy1ob3Jpem9uLXJlZC1kZWFk0gEA&hl=en-US&gl=US&ceid=US%3Aen,The Verge,2 days ago
Steam Deck: SteamOS 3.3 Beta Comes with Several Fixes and Updated Drivers,./articles/CAIiEAZIFybsHa__F-kPfzWNsuoqGQgEKhAIACoHCAowp-aeCzDD8LYDMN6C7QY?uo=CAUiXmh0dHBzOi8vd2NjZnRlY2guY29tL3N0ZWFtLWRlY2stc3RlYW1vcy0zLTMtYmV0YS1jb21lcy13aXRoLXNldmVyYWwtZml4ZXMtYW5kLXVwZGF0ZWQtZHJpdmVycy_SAQA&hl=en-US&gl=US&ceid=US%3Aen,Wccftech,2 days ago
Billing fraud apps can disable Android Wi-Fi and intercept text messages,./articles/CBMigAFodHRwczovL2Fyc3RlY2huaWNhLmNvbS9pbmZvcm1hdGlvbi10ZWNobm9sb2d5LzIwMjIvMDcvYmlsbGluZy1mcmF1ZC1hcHBzLWNhbi1kaXNhYmxlLWFuZHJvaWQtd2ktZmktYW5kLWludGVyY2VwdC10ZXh0LW1lc3NhZ2VzL9IBhgFodHRwczovL2Fyc3RlY2huaWNhLmNvbS9pbmZvcm1hdGlvbi10ZWNobm9sb2d5LzIwMjIvMDcvYmlsbGluZy1mcmF1ZC1hcHBzLWNhbi1kaXNhYmxlLWFuZHJvaWQtd2ktZmktYW5kLWludGVyY2VwdC10ZXh0LW1lc3NhZ2VzLz9hbXA9MQ?hl=en-US&gl=US&ceid=US%3Aen,Ars Technica,Yesterday
A 'Doom' mobile game from 2005 is now playable on Windows,./articles/CAIiED1QnWI7OfDiSqyxKEY3hBEqGAgEKg8IACoHCAowwOjjAjDp3xsw_oySBw?uo=CAUiPWh0dHBzOi8vd3d3LmVuZ2FkZ2V0LmNvbS9kb29tLXJwZy1wb3J0LXdpbmRvd3MtMjAzMDQ4MDYyLmh0bWzSAQA&hl=en-US&gl=US&ceid=US%3Aen,Engadget,Yesterday
"Crash 4 on PS Plus, The Boys Cut Comic Scene, & More | IGN The Weekly Fix",./articles/CCAiC2VseUtrZlltcnJRmAEB?hl=en-US&gl=US&ceid=US%3Aen,IGN,16 hours ago
The best game-exploiting speedruns of Summer Games Done Quick 2022,./articles/CBMiamh0dHBzOi8vYXJzdGVjaG5pY2EuY29tL2dhbWluZy8yMDIyLzA3L3RoZS1iZXN0LWdhbWUtZXhwbG9pdGluZy1zcGVlZHJ1bnMtb2Ytc3VtbWVyLWdhbWVzLWRvbmUtcXVpY2stMjAyMi_SAXBodHRwczovL2Fyc3RlY2huaWNhLmNvbS9nYW1pbmcvMjAyMi8wNy90aGUtYmVzdC1nYW1lLWV4cGxvaXRpbmctc3BlZWRydW5zLW9mLXN1bW1lci1nYW1lcy1kb25lLXF1aWNrLTIwMjIvP2FtcD0x?hl=en-US&gl=US&ceid=US%3Aen,Ars Technica,Yesterday
You probably don't need to buy a new phone next year,./articles/CAIiEBlH3nowqd_z_X3cbYW6Y5YqFAgEKg0IACoGCAowpYEBMMEXMLk_?uo=CAUiVWh0dHBzOi8vd3d3LmFuZHJvaWRjZW50cmFsLmNvbS9waG9uZXMveW91LWRvbnQtbmVlZC10by1idXktYS1uZXctcGhvbmUtbmV4dC15ZWFyLTIwMjPSAQA&hl=en-US&gl=US&ceid=US%3Aen,Android Central,20 hours ago
